iter	MultiClass
0	1.407276275
1	1.2667814
2	1.195192429
3	1.127794982
4	1.025749053
5	0.9740771741
6	0.9342381596
7	0.9091510849
8	0.8792664108
9	0.8457899213
10	0.8209970745
11	0.7714797067
12	0.7532651254
13	0.7238615263
14	0.6886487513
15	0.6641219606
16	0.6549611275
17	0.6422165847
18	0.6216331173
19	0.5878476684
20	0.5578398763
21	0.5218292883
22	0.5075901613
23	0.4899104833
24	0.4708752345
25	0.4483864072
26	0.426132789
27	0.4009469978
28	0.3873796267
29	0.3628427266
30	0.3448444331
31	0.330359606
32	0.3138671669
33	0.3037265771
34	0.2948847065
35	0.2864365987
36	0.2779492115
37	0.2719071177
38	0.2671704861
39	0.2602293337
40	0.2542271803
41	0.2497135655
42	0.2412023971
43	0.2359192728
44	0.2309629103
45	0.2263160635
46	0.2211224921
47	0.2138052898
48	0.2113207935
49	0.2063935315
50	0.2026611138
51	0.1984642306
52	0.196035281
53	0.1894185369
54	0.1836074361
55	0.1799042663
56	0.1764548771
57	0.1718281522
58	0.1683148326
59	0.1637606013
60	0.1610934337
61	0.1572159349
62	0.1547367982
63	0.1528242391
64	0.149751328
65	0.1469079379
66	0.1426393086
67	0.138413118
68	0.1358008742
69	0.1326673229
70	0.1297741443
71	0.127948258
72	0.1247020234
73	0.1224923931
74	0.1206761925
75	0.1192377101
76	0.1172279413
77	0.1152100391
78	0.1126228896
79	0.1101206993
80	0.1080523811
81	0.1069717485
82	0.1053759674
83	0.1037489384
84	0.1022282873
85	0.1012878672
86	0.09917599157
87	0.09826139817
88	0.09710981415
89	0.09673167749
90	0.09550648773
91	0.09344290323
92	0.09212519188
93	0.09009616891
94	0.0886284457
95	0.08781767969
96	0.08608681482
97	0.08390953885
98	0.08267863485
99	0.08174890053
